"cbsa10","state","county","tract","zcta5","ur","ua","puma12","metdiv10","stab","cntyname","cbsaname10","mdivname10","zipname","PUMAname","uaname","pop10","afact"
"cbsa10","FIPS state","county","2010 Tract","ZIP Census Tabulation Area","Urban/Rural","ua","puma12","metdiv10","State Postal Code","cntyname","2010 CBSA Name","2010 Metro Div Name","zipname","PUMA12 Name","UA/Urban Cluster Name","Total Pop, 2010 census","cbsa10 to metdiv10 alloc factor"
"26180","15","15003","0001.06","96825","U","89770","00303","99999","HI","Honolulu HI","Honolulu, HI Metropolitan Statistical Area","99999","East Honolulu, HI","Honolulu County--East Honolulu to Kapahulu","Urban Honolulu, HI Urbanized Area",7704,0.008 
"26180","15","15003","0001.07","96825","U","89770","00303","99999","HI","Honolulu HI","Honolulu, HI Metropolitan Statistical Area","99999","East Honolulu, HI","Honolulu County--East Honolulu to Kapahulu","Urban Honolulu, HI Urbanized Area",2818,0.003 
"26180","15","15003","0001.08","96825","U","89770","00303","99999","HI","Honolulu HI","Honolulu, HI Metropolitan Statistical Area","99999","East Honolulu, HI","Honolulu County--East Honolulu to Kapahulu","Urban Honolulu, HI Urbanized Area",3264,0.003 
"26180","15","15003","0001.10","96825","U","89770","00303","99999","HI","Honolulu HI","Honolulu, HI Metropolitan Statistical Area","99999","East Honolulu, HI","Honolulu County--East Honolulu to Kapahulu","Urban Honolulu, HI Urbanized Area",4288,0.004 
"26180","15","15003","0001.11","96825","U","89770","00303","99999","HI","Honolulu HI","Honolulu, HI Metropolitan Statistical Area","99999","East Honolulu, HI","Honolulu County--East Honolulu to Kapahulu","Urban Honolulu, HI Urbanized Area",5035,0.005 
"26180","15","15003","0001.12","96825","U","89770","00303","99999","HI","Honolulu HI","Honolulu, HI Metropolitan Statistical Area","99999","East Honolulu, HI","Honolulu County--East Honolulu to Kapahulu","Urban Honolulu, HI Urbanized Area",5555,0.006 
"26180","15","15003","0001.14","96825","U","89770","00303","99999","HI","Honolulu HI","Honolulu, HI Metropolitan Statistical Area","99999","East Honolulu, HI","Honolulu County--East Honolulu to Kapahulu","Urban Honolulu, HI Urbanized Area",1594,0.002 
"26180","15","15003","0002.00","96821","U","89770","00303","99999","HI","Honolulu HI","Honolulu, HI Metropolitan Statistical Area","99999","East Honolulu, HI","Honolulu County--East Honolulu to Kapahulu","Urban Honolulu, HI Urbanized Area",5742,0.006 
"26180","15","15003","0003.01","96821","U","89770","00303","99999","HI","Honolulu HI","Honolulu, HI Metropolitan Statistical Area","99999","East Honolulu, HI","Honolulu County--East Honolulu to Kapahulu","Urban Honolulu, HI Urbanized Area",3307,0.003 
"26180","15","15003","0003.02","96821","U","89770","00303","99999","HI","Honolulu HI","Honolulu, HI Metropolitan Statistical Area","99999","East Honolulu, HI","Honolulu County--East Honolulu to Kapahulu","Urban Honolulu, HI Urbanized Area",2990,0.003 
"26180","15","15003","0004.01","96821","U","89770","00303","99999","HI","Honolulu HI","Honolulu, HI Metropolitan Statistical Area","99999","East Honolulu, HI","Honolulu County--East Honolulu to Kapahulu","Urban Honolulu, HI Urbanized Area",2893,0.003 
"26180","15","15003","0004.02","96821","U","89770","00303","99999","HI","Honolulu HI","Honolulu, HI Metropolitan Statistical Area","99999","East Honolulu, HI","Honolulu County--East Honolulu to Kapahulu","Urban Honolulu, HI Urbanized Area",3999,0.004 
"26180","15","15003","0005.00","96816","U","89770","00303","99999","HI","Honolulu HI","Honolulu, HI Metropolitan Statistical Area","99999","Urban Honolulu, HI","Honolulu County--East Honolulu to Kapahulu","Urban Honolulu, HI Urbanized Area",3387,0.004 
"26180","15","15003","0005.00","96821","U","89770","00303","99999","HI","Honolulu HI","Honolulu, HI Metropolitan Statistical Area","99999","East Honolulu, HI","Honolulu County--East Honolulu to Kapahulu","Urban Honolulu, HI Urbanized Area",420,0 
"26180","15","15003","0006.00","96816","U","89770","00303","99999","HI","Honolulu HI","Honolulu, HI Metropolitan Statistical Area","99999","Urban Honolulu, HI","Honolulu County--East Honolulu to Kapahulu","Urban Honolulu, HI Urbanized Area",1218,0.001 
"26180","15","15003","0007.00","96816","U","89770","00303","99999","HI","Honolulu HI","Honolulu, HI Metropolitan Statistical Area","99999","Urban Honolulu, HI","Honolulu County--East Honolulu to Kapahulu","Urban Honolulu, HI Urbanized Area",2966,0.003 
"26180","15","15003","0008.00","96816","U","89770","00303","99999","HI","Honolulu HI","Honolulu, HI Metropolitan Statistical Area","99999","Urban Honolulu, HI","Honolulu County--East Honolulu to Kapahulu","Urban Honolulu, HI Urbanized Area",3771,0.004 
"26180","15","15003","0009.01","96816","U","89770","00303","99999","HI","Honolulu HI","Honolulu, HI Metropolitan Statistical Area","99999","Urban Honolulu, HI","Honolulu County--East Honolulu to Kapahulu","Urban Honolulu, HI Urbanized Area",2231,0.002 
"26180","15","15003","0009.01","96821","U","89770","00303","99999","HI","Honolulu HI","Honolulu, HI Metropolitan Statistical Area","99999","East Honolulu, HI","Honolulu County--East Honolulu to Kapahulu","Urban Honolulu, HI Urbanized Area",505,0.001 
"26180","15","15003","0009.02","96816","U","89770","00303","99999","HI","Honolulu HI","Honolulu, HI Metropolitan Statistical Area","99999","Urban Honolulu, HI","Honolulu County--East Honolulu to Kapahulu","Urban Honolulu, HI Urbanized Area",4088,0.004 
"26180","15","15003","0009.03","96816","U","89770","00303","99999","HI","Honolulu HI","Honolulu, HI Metropolitan Statistical Area","99999","Urban Honolulu, HI","Honolulu County--East Honolulu to Kapahulu","Urban Honolulu, HI Urbanized Area",2858,0.003 
"26180","15","15003","0010.00","96816","R"," ","00303","99999","HI","Honolulu HI","Honolulu, HI Metropolitan Statistical Area","99999","Urban Honolulu, HI","Honolulu County--East Honolulu to Kapahulu"," ",659,0.001 
"26180","15","15003","0010.00","96816","U","89770","00303","99999","HI","Honolulu HI","Honolulu, HI Metropolitan Statistical Area","99999","Urban Honolulu, HI","Honolulu County--East Honolulu to Kapahulu","Urban Honolulu, HI Urbanized Area",2437,0.003 
"26180","15","15003","0011.00","96816","U","89770","00303","99999","HI","Honolulu HI","Honolulu, HI Metropolitan Statistical Area","99999","Urban Honolulu, HI","Honolulu County--East Honolulu to Kapahulu","Urban Honolulu, HI Urbanized Area",3862,0.004 
"26180","15","15003","0012.01","96816","U","89770","00303","99999","HI","Honolulu HI","Honolulu, HI Metropolitan Statistical Area","99999","Urban Honolulu, HI","Honolulu County--East Honolulu to Kapahulu","Urban Honolulu, HI Urbanized Area",2924,0.003 
"26180","15","15003","0012.02","96816","U","89770","00303","99999","HI","Honolulu HI","Honolulu, HI Metropolitan Statistical Area","99999","Urban Honolulu, HI","Honolulu County--East Honolulu to Kapahulu","Urban Honolulu, HI Urbanized Area",3030,0.003 
"26180","15","15003","0013.00","96816","U","89770","00303","99999","HI","Honolulu HI","Honolulu, HI Metropolitan Statistical Area","99999","Urban Honolulu, HI","Honolulu County--East Honolulu to Kapahulu","Urban Honolulu, HI Urbanized Area",4207,0.004 
"26180","15","15003","0014.00","96816","U","89770","00303","99999","HI","Honolulu HI","Honolulu, HI Metropolitan Statistical Area","99999","Urban Honolulu, HI","Honolulu County--East Honolulu to Kapahulu","Urban Honolulu, HI Urbanized Area",2550,0.003 
"26180","15","15003","0015.00","96815","U","89770","00303","99999","HI","Honolulu HI","Honolulu, HI Metropolitan Statistical Area","99999","Urban Honolulu, HI","Honolulu County--East Honolulu to Kapahulu","Urban Honolulu, HI Urbanized Area",2168,0.002 
"26180","15","15003","0015.00","96816","U","89770","00303","99999","HI","Honolulu HI","Honolulu, HI Metropolitan Statistical Area","99999","Urban Honolulu, HI","Honolulu County--East Honolulu to Kapahulu","Urban Honolulu, HI Urbanized Area",1359,0.001 
"26180","15","15003","0016.00","96815","U","89770","00303","99999","HI","Honolulu HI","Honolulu, HI Metropolitan Statistical Area","99999","Urban Honolulu, HI","Honolulu County--East Honolulu to Kapahulu","Urban Honolulu, HI Urbanized Area",3783,0.004 
"26180","15","15003","0017.00","96815","U","89770","00303","99999","HI","Honolulu HI","Honolulu, HI Metropolitan Statistical Area","99999","Urban Honolulu, HI","Honolulu County--East Honolulu to Kapahulu","Urban Honolulu, HI Urbanized Area",2437,0.003 
"26180","15","15003","0018.01","96815","U","89770","00304","99999","HI","Honolulu HI","Honolulu, HI Metropolitan Statistical Area","99999","Urban Honolulu, HI","Honolulu County--Tantalus to Waikiki","Urban Honolulu, HI Urbanized Area",1717,0.002 
"26180","15","15003","0018.03","96815","U","89770","00304","99999","HI","Honolulu HI","Honolulu, HI Metropolitan Statistical Area","99999","Urban Honolulu, HI","Honolulu County--Tantalus to Waikiki","Urban Honolulu, HI Urbanized Area",3360,0.004 
"26180","15","15003","0018.04","96815","U","89770","00304","99999","HI","Honolulu HI","Honolulu, HI Metropolitan Statistical Area","99999","Urban Honolulu, HI","Honolulu County--Tantalus to Waikiki","Urban Honolulu, HI Urbanized Area",1849,0.002 
"26180","15","15003","0019.01","96815","U","89770","00304","99999","HI","Honolulu HI","Honolulu, HI Metropolitan Statistical Area","99999","Urban Honolulu, HI","Honolulu County--Tantalus to Waikiki","Urban Honolulu, HI Urbanized Area",837,0.001 
"26180","15","15003","0019.03","96815","U","89770","00304","99999","HI","Honolulu HI","Honolulu, HI Metropolitan Statistical Area","99999","Urban Honolulu, HI","Honolulu County--Tantalus to Waikiki","Urban Honolulu, HI Urbanized Area",2770,0.003 
"26180","15","15003","0019.04","96815","U","89770","00304","99999","HI","Honolulu HI","Honolulu, HI Metropolitan Statistical Area","99999","Urban Honolulu, HI","Honolulu County--Tantalus to Waikiki","Urban Honolulu, HI Urbanized Area",3912,0.004 
"26180","15","15003","0020.03","96815","U","89770","00304","99999","HI","Honolulu HI","Honolulu, HI Metropolitan Statistical Area","99999","Urban Honolulu, HI","Honolulu County--Tantalus to Waikiki","Urban Honolulu, HI Urbanized Area",2477,0.003 
"26180","15","15003","0020.04","96815","U","89770","00304","99999","HI","Honolulu HI","Honolulu, HI Metropolitan Statistical Area","99999","Urban Honolulu, HI","Honolulu County--Tantalus to Waikiki","Urban Honolulu, HI Urbanized Area",1398,0.001 
"26180","15","15003","0020.05","96815","U","89770","00304","99999","HI","Honolulu HI","Honolulu, HI Metropolitan Statistical Area","99999","Urban Honolulu, HI","Honolulu County--Tantalus to Waikiki","Urban Honolulu, HI Urbanized Area",2389,0.003 
"26180","15","15003","0020.06","96815","U","89770","00304","99999","HI","Honolulu HI","Honolulu, HI Metropolitan Statistical Area","99999","Urban Honolulu, HI","Honolulu County--Tantalus to Waikiki","Urban Honolulu, HI Urbanized Area",2364,0.002 
"26180","15","15003","0021.00","96815","U","89770","00303","99999","HI","Honolulu HI","Honolulu, HI Metropolitan Statistical Area","99999","Urban Honolulu, HI","Honolulu County--East Honolulu to Kapahulu","Urban Honolulu, HI Urbanized Area",9,0 
"26180","15","15003","0021.00","96816","U","89770","00303","99999","HI","Honolulu HI","Honolulu, HI Metropolitan Statistical Area","99999","Urban Honolulu, HI","Honolulu County--East Honolulu to Kapahulu","Urban Honolulu, HI Urbanized Area",3641,0.004 
"26180","15","15003","0021.00","96826","U","89770","00303","99999","HI","Honolulu HI","Honolulu, HI Metropolitan Statistical Area","99999","Urban Honolulu, HI","Honolulu County--East Honolulu to Kapahulu","Urban Honolulu, HI Urbanized Area",214,0 
"26180","15","15003","0022.01","96826","U","89770","00304","99999","HI","Honolulu HI","Honolulu, HI Metropolitan Statistical Area","99999","Urban Honolulu, HI","Honolulu County--Tantalus to Waikiki","Urban Honolulu, HI Urbanized Area",3684,0.004 
"26180","15","15003","0022.02","96826","U","89770","00304","99999","HI","Honolulu HI","Honolulu, HI Metropolitan Statistical Area","99999","Urban Honolulu, HI","Honolulu County--Tantalus to Waikiki","Urban Honolulu, HI Urbanized Area",3400,0.004 
"26180","15","15003","0023.00","96826","U","89770","00304","99999","HI","Honolulu HI","Honolulu, HI Metropolitan Statistical Area","99999","Urban Honolulu, HI","Honolulu County--Tantalus to Waikiki","Urban Honolulu, HI Urbanized Area",5523,0.006 
"26180","15","15003","0024.01","96826","U","89770","00304","99999","HI","Honolulu HI","Honolulu, HI Metropolitan Statistical Area","99999","Urban Honolulu, HI","Honolulu County--Tantalus to Waikiki","Urban Honolulu, HI Urbanized Area",3096,0.003 
"26180","15","15003","0024.02","96826","U","89770","00304","99999","HI","Honolulu HI","Honolulu, HI Metropolitan Statistical Area","99999","Urban Honolulu, HI","Honolulu County--Tantalus to Waikiki","Urban Honolulu, HI Urbanized Area",3228,0.003 
"26180","15","15003","0025.00","96826","U","89770","00304","99999","HI","Honolulu HI","Honolulu, HI Metropolitan Statistical Area","99999","Urban Honolulu, HI","Honolulu County--Tantalus to Waikiki","Urban Honolulu, HI Urbanized Area",3915,0.004 
"26180","15","15003","0026.00","96826","U","89770","00304","99999","HI","Honolulu HI","Honolulu, HI Metropolitan Statistical Area","99999","Urban Honolulu, HI","Honolulu County--Tantalus to Waikiki","Urban Honolulu, HI Urbanized Area",4249,0.004 
"26180","15","15003","0027.01","96816","U","89770","00304","99999","HI","Honolulu HI","Honolulu, HI Metropolitan Statistical Area","99999","Urban Honolulu, HI","Honolulu County--Tantalus to Waikiki","Urban Honolulu, HI Urbanized Area",502,0.001 
"26180","15","15003","0027.01","96822","U","89770","00304","99999","HI","Honolulu HI","Honolulu, HI Metropolitan Statistical Area","99999","Urban Honolulu, HI","Honolulu County--Tantalus to Waikiki","Urban Honolulu, HI Urbanized Area",3756,0.004 
"26180","15","15003","0027.01","96826","U","89770","00304","99999","HI","Honolulu HI","Honolulu, HI Metropolitan Statistical Area","99999","Urban Honolulu, HI","Honolulu County--Tantalus to Waikiki","Urban Honolulu, HI Urbanized Area",835,0.001 
"26180","15","15003","0027.02","96822","U","89770","00304","99999","HI","Honolulu HI","Honolulu, HI Metropolitan Statistical Area","99999","Urban Honolulu, HI","Honolulu County--Tantalus to Waikiki","Urban Honolulu, HI Urbanized Area",5057,0.005 
"26180","15","15003","0028.00","96816","U","89770","00303","99999","HI","Honolulu HI","Honolulu, HI Metropolitan Statistical Area","99999","Urban Honolulu, HI","Honolulu County--East Honolulu to Kapahulu","Urban Honolulu, HI Urbanized Area",3678,0.004 
"26180","15","15003","0029.00","96822","U","89770","00304","99999","HI","Honolulu HI","Honolulu, HI Metropolitan Statistical Area","99999","Urban Honolulu, HI","Honolulu County--Tantalus to Waikiki","Urban Honolulu, HI Urbanized Area",2415,0.003 
"26180","15","15003","0030.00","96822","U","89770","00304","99999","HI","Honolulu HI","Honolulu, HI Metropolitan Statistical Area","99999","Urban Honolulu, HI","Honolulu County--Tantalus to Waikiki","Urban Honolulu, HI Urbanized Area",4321,0.005 
"26180","15","15003","0031.01","96822","U","89770","00304","99999","HI","Honolulu HI","Honolulu, HI Metropolitan Statistical Area","99999","Urban Honolulu, HI","Honolulu County--Tantalus to Waikiki","Urban Honolulu, HI Urbanized Area",3687,0.004 
"26180","15","15003","0031.02","96822","U","89770","00304","99999","HI","Honolulu HI","Honolulu, HI Metropolitan Statistical Area","99999","Urban Honolulu, HI","Honolulu County--Tantalus to Waikiki","Urban Honolulu, HI Urbanized Area",3335,0.003 
"26180","15","15003","0032.00","96813","U","89770","00304","99999","HI","Honolulu HI","Honolulu, HI Metropolitan Statistical Area","99999","Urban Honolulu, HI","Honolulu County--Tantalus to Waikiki","Urban Honolulu, HI Urbanized Area",86,0 
"26180","15","15003","0032.00","96822","U","89770","00304","99999","HI","Honolulu HI","Honolulu, HI Metropolitan Statistical Area","99999","Urban Honolulu, HI","Honolulu County--Tantalus to Waikiki","Urban Honolulu, HI Urbanized Area",747,0.001 
"26180","15","15003","0033.00","96813","U","89770","00304","99999","HI","Honolulu HI","Honolulu, HI Metropolitan Statistical Area","99999","Urban Honolulu, HI","Honolulu County--Tantalus to Waikiki","Urban Honolulu, HI Urbanized Area",330,0 
"26180","15","15003","0033.00","96822","U","89770","00304","99999","HI","Honolulu HI","Honolulu, HI Metropolitan Statistical Area","99999","Urban Honolulu, HI","Honolulu County--Tantalus to Waikiki","Urban Honolulu, HI Urbanized Area",802,0.001 
"26180","15","15003","0034.03","96822","U","89770","00304","99999","HI","Honolulu HI","Honolulu, HI Metropolitan Statistical Area","99999","Urban Honolulu, HI","Honolulu County--Tantalus to Waikiki","Urban Honolulu, HI Urbanized Area",5530,0.006 
"26180","15","15003","0034.04","96822","U","89770","00304","99999","HI","Honolulu HI","Honolulu, HI Metropolitan Statistical Area","99999","Urban Honolulu, HI","Honolulu County--Tantalus to Waikiki","Urban Honolulu, HI Urbanized Area",4716,0.005 
"26180","15","15003","0034.05","96822","U","89770","00304","99999","HI","Honolulu HI","Honolulu, HI Metropolitan Statistical Area","99999","Urban Honolulu, HI","Honolulu County--Tantalus to Waikiki","Urban Honolulu, HI Urbanized Area",3250,0.003 
"26180","15","15003","0034.06","96822","U","89770","00304","99999","HI","Honolulu HI","Honolulu, HI Metropolitan Statistical Area","99999","Urban Honolulu, HI","Honolulu County--Tantalus to Waikiki","Urban Honolulu, HI Urbanized Area",5777,0.006 
"26180","15","15003","0034.07","96822","U","89770","00304","99999","HI","Honolulu HI","Honolulu, HI Metropolitan Statistical Area","99999","Urban Honolulu, HI","Honolulu County--Tantalus to Waikiki","Urban Honolulu, HI Urbanized Area",913,0.001 
"26180","15","15003","0035.01","96814","U","89770","00304","99999","HI","Honolulu HI","Honolulu, HI Metropolitan Statistical Area","99999","Urban Honolulu, HI","Honolulu County--Tantalus to Waikiki","Urban Honolulu, HI Urbanized Area",2282,0.002 
"26180","15","15003","0035.02","96814","U","89770","00304","99999","HI","Honolulu HI","Honolulu, HI Metropolitan Statistical Area","99999","Urban Honolulu, HI","Honolulu County--Tantalus to Waikiki","Urban Honolulu, HI Urbanized Area",3041,0.003 
"26180","15","15003","0035.02","96826","U","89770","00304","99999","HI","Honolulu HI","Honolulu, HI Metropolitan Statistical Area","99999","Urban Honolulu, HI","Honolulu County--Tantalus to Waikiki","Urban Honolulu, HI Urbanized Area",835,0.001 
"26180","15","15003","0036.01","96814","U","89770","00304","99999","HI","Honolulu HI","Honolulu, HI Metropolitan Statistical Area","99999","Urban Honolulu, HI","Honolulu County--Tantalus to Waikiki","Urban Honolulu, HI Urbanized Area",4109,0.004 
"26180","15","15003","0036.03","96814","U","89770","00304","99999","HI","Honolulu HI","Honolulu, HI Metropolitan Statistical Area","99999","Urban Honolulu, HI","Honolulu County--Tantalus to Waikiki","Urban Honolulu, HI Urbanized Area",1016,0.001 
"26180","15","15003","0036.03","96826","U","89770","00304","99999","HI","Honolulu HI","Honolulu, HI Metropolitan Statistical Area","99999","Urban Honolulu, HI","Honolulu County--Tantalus to Waikiki","Urban Honolulu, HI Urbanized Area",1791,0.002 
"26180","15","15003","0036.04","96814","U","89770","00304","99999","HI","Honolulu HI","Honolulu, HI Metropolitan Statistical Area","99999","Urban Honolulu, HI","Honolulu County--Tantalus to Waikiki","Urban Honolulu, HI Urbanized Area",2447,0.003 
"26180","15","15003","0036.04","96826","U","89770","00304","99999","HI","Honolulu HI","Honolulu, HI Metropolitan Statistical Area","99999","Urban Honolulu, HI","Honolulu County--Tantalus to Waikiki","Urban Honolulu, HI Urbanized Area",72,0 
"26180","15","15003","0037.00","96814","U","89770","00304","99999","HI","Honolulu HI","Honolulu, HI Metropolitan Statistical Area","99999","Urban Honolulu, HI","Honolulu County--Tantalus to Waikiki","Urban Honolulu, HI Urbanized Area",5579,0.006 
"26180","15","15003","0038.00","96813","U","89770","00304","99999","HI","Honolulu HI","Honolulu, HI Metropolitan Statistical Area","99999","Urban Honolulu, HI","Honolulu County--Tantalus to Waikiki","Urban Honolulu, HI Urbanized Area",3723,0.004 
"26180","15","15003","0038.00","96814","U","89770","00304","99999","HI","Honolulu HI","Honolulu, HI Metropolitan Statistical Area","99999","Urban Honolulu, HI","Honolulu County--Tantalus to Waikiki","Urban Honolulu, HI Urbanized Area",247,0 
"26180","15","15003","0039.00","96813","U","89770","00305","99999","HI","Honolulu HI","Honolulu, HI Metropolitan Statistical Area","99999","Urban Honolulu, HI","Honolulu County--Nuuanu to Kalihi","Urban Honolulu, HI Urbanized Area",655,0.001 
"26180","15","15003","0040.00","96813","U","89770","00305","99999","HI","Honolulu HI","Honolulu, HI Metropolitan Statistical Area","99999","Urban Honolulu, HI","Honolulu County--Nuuanu to Kalihi","Urban Honolulu, HI Urbanized Area",1230,0.001 
"26180","15","15003","0040.00","96817","U","89770","00305","99999","HI","Honolulu HI","Honolulu, HI Metropolitan Statistical Area","99999","Urban Honolulu, HI","Honolulu County--Nuuanu to Kalihi","Urban Honolulu, HI Urbanized Area",322,0 
"26180","15","15003","0041.00","96813","U","89770","00305","99999","HI","Honolulu HI","Honolulu, HI Metropolitan Statistical Area","99999","Urban Honolulu, HI","Honolulu County--Nuuanu to Kalihi","Urban Honolulu, HI Urbanized Area",4252,0.004 
"26180","15","15003","0041.00","96822","U","89770","00305","99999","HI","Honolulu HI","Honolulu, HI Metropolitan Statistical Area","99999","Urban Honolulu, HI","Honolulu County--Nuuanu to Kalihi","Urban Honolulu, HI Urbanized Area",252,0 
"26180","15","15003","0042.00","96813","U","89770","00305","99999","HI","Honolulu HI","Honolulu, HI Metropolitan Statistical Area","99999","Urban Honolulu, HI","Honolulu County--Nuuanu to Kalihi","Urban Honolulu, HI Urbanized Area",1593,0.002 
"26180","15","15003","0042.00","96817","U","89770","00305","99999","HI","Honolulu HI","Honolulu, HI Metropolitan Statistical Area","99999","Urban Honolulu, HI","Honolulu County--Nuuanu to Kalihi","Urban Honolulu, HI Urbanized Area",1839,0.002 
"26180","15","15003","0043.00","96813","U","89770","00305","99999","HI","Honolulu HI","Honolulu, HI Metropolitan Statistical Area","99999","Urban Honolulu, HI","Honolulu County--Nuuanu to Kalihi","Urban Honolulu, HI Urbanized Area",4787,0.005 
"26180","15","15003","0043.00","96817","U","89770","00305","99999","HI","Honolulu HI","Honolulu, HI Metropolitan Statistical Area","99999","Urban Honolulu, HI","Honolulu County--Nuuanu to Kalihi","Urban Honolulu, HI Urbanized Area",355,0 
"26180","15","15003","0043.00","96822","U","89770","00305","99999","HI","Honolulu HI","Honolulu, HI Metropolitan Statistical Area","99999","Urban Honolulu, HI","Honolulu County--Nuuanu to Kalihi","Urban Honolulu, HI Urbanized Area",449,0 
"26180","15","15003","0044.00","96813","U","89770","00305","99999","HI","Honolulu HI","Honolulu, HI Metropolitan Statistical Area","99999","Urban Honolulu, HI","Honolulu County--Nuuanu to Kalihi","Urban Honolulu, HI Urbanized Area",5165,0.005 
"26180","15","15003","0045.00","96813","U","89770","00305","99999","HI","Honolulu HI","Honolulu, HI Metropolitan Statistical Area","99999","Urban Honolulu, HI","Honolulu County--Nuuanu to Kalihi","Urban Honolulu, HI Urbanized Area",1060,0.001 
"26180","15","15003","0045.00","96817","U","89770","00305","99999","HI","Honolulu HI","Honolulu, HI Metropolitan Statistical Area","99999","Urban Honolulu, HI","Honolulu County--Nuuanu to Kalihi","Urban Honolulu, HI Urbanized Area",4085,0.004 
"26180","15","15003","0046.00","96817","U","89770","00305","99999","HI","Honolulu HI","Honolulu, HI Metropolitan Statistical Area","99999","Urban Honolulu, HI","Honolulu County--Nuuanu to Kalihi","Urban Honolulu, HI Urbanized Area",3735,0.004 
"26180","15","15003","0047.00","96817","U","89770","00305","99999","HI","Honolulu HI","Honolulu, HI Metropolitan Statistical Area","99999","Urban Honolulu, HI","Honolulu County--Nuuanu to Kalihi","Urban Honolulu, HI Urbanized Area",4553,0.005 
"26180","15","15003","0048.00","96817","U","89770","00305","99999","HI","Honolulu HI","Honolulu, HI Metropolitan Statistical Area","99999","Urban Honolulu, HI","Honolulu County--Nuuanu to Kalihi","Urban Honolulu, HI Urbanized Area",6448,0.007 
"26180","15","15003","0048.00","96819","U","89770","00305","99999","HI","Honolulu HI","Honolulu, HI Metropolitan Statistical Area","99999","Urban Honolulu, HI","Honolulu County--Nuuanu to Kalihi","Urban Honolulu, HI Urbanized Area",259,0 
"26180","15","15003","0049.00","96817","U","89770","00305","99999","HI","Honolulu HI","Honolulu, HI Metropolitan Statistical Area","99999","Urban Honolulu, HI","Honolulu County--Nuuanu to Kalihi","Urban Honolulu, HI Urbanized Area",3198,0.003 
"26180","15","15003","0050.00","96817","U","89770","00305","99999","HI","Honolulu HI","Honolulu, HI Metropolitan Statistical Area","99999","Urban Honolulu, HI","Honolulu County--Nuuanu to Kalihi","Urban Honolulu, HI Urbanized Area",4049,0.004 
"26180","15","15003","0051.00","96817","U","89770","00305","99999","HI","Honolulu HI","Honolulu, HI Metropolitan Statistical Area","99999","Urban Honolulu, HI","Honolulu County--Nuuanu to Kalihi","Urban Honolulu, HI Urbanized Area",3090,0.003 
"26180","15","15003","0052.00","96817","U","89770","00305","99999","HI","Honolulu HI","Honolulu, HI Metropolitan Statistical Area","99999","Urban Honolulu, HI","Honolulu County--Nuuanu to Kalihi","Urban Honolulu, HI Urbanized Area",3293,0.003 
"26180","15","15003","0053.00","96817","U","89770","00305","99999","HI","Honolulu HI","Honolulu, HI Metropolitan Statistical Area","99999","Urban Honolulu, HI","Honolulu County--Nuuanu to Kalihi","Urban Honolulu, HI Urbanized Area",3636,0.004 
"26180","15","15003","0054.00","96817","U","89770","00305","99999","HI","Honolulu HI","Honolulu, HI Metropolitan Statistical Area","99999","Urban Honolulu, HI","Honolulu County--Nuuanu to Kalihi","Urban Honolulu, HI Urbanized Area",1637,0.002 
"26180","15","15003","0055.00","96817","U","89770","00305","99999","HI","Honolulu HI","Honolulu, HI Metropolitan Statistical Area","99999","Urban Honolulu, HI","Honolulu County--Nuuanu to Kalihi","Urban Honolulu, HI Urbanized Area",2078,0.002 
"26180","15","15003","0056.00","96817","U","89770","00305","99999","HI","Honolulu HI","Honolulu, HI Metropolitan Statistical Area","99999","Urban Honolulu, HI","Honolulu County--Nuuanu to Kalihi","Urban Honolulu, HI Urbanized Area",6749,0.007 
"26180","15","15003","0057.00","96817","U","89770","00305","99999","HI","Honolulu HI","Honolulu, HI Metropolitan Statistical Area","99999","Urban Honolulu, HI","Honolulu County--Nuuanu to Kalihi","Urban Honolulu, HI Urbanized Area",2121,0.002 
"26180","15","15003","0057.00","96819","U","89770","00305","99999","HI","Honolulu HI","Honolulu, HI Metropolitan Statistical Area","99999","Urban Honolulu, HI","Honolulu County--Nuuanu to Kalihi","Urban Honolulu, HI Urbanized Area",27,0 
"26180","15","15003","0058.00","96817","U","89770","00305","99999","HI","Honolulu HI","Honolulu, HI Metropolitan Statistical Area","99999","Urban Honolulu, HI","Honolulu County--Nuuanu to Kalihi","Urban Honolulu, HI Urbanized Area",3440,0.004 
"26180","15","15003","0059.00","96819","U","89770","00305","99999","HI","Honolulu HI","Honolulu, HI Metropolitan Statistical Area","99999","Urban Honolulu, HI","Honolulu County--Nuuanu to Kalihi","Urban Honolulu, HI Urbanized Area",3353,0.004 
"26180","15","15003","0060.00","96819","U","89770","00305","99999","HI","Honolulu HI","Honolulu, HI Metropolitan Statistical Area","99999","Urban Honolulu, HI","Honolulu County--Nuuanu to Kalihi","Urban Honolulu, HI Urbanized Area",5421,0.006 
"26180","15","15003","0061.00","96819","U","89770","00305","99999","HI","Honolulu HI","Honolulu, HI Metropolitan Statistical Area","99999","Urban Honolulu, HI","Honolulu County--Nuuanu to Kalihi","Urban Honolulu, HI Urbanized Area",4175,0.004 
"26180","15","15003","0062.01","96819","U","89770","00305","99999","HI","Honolulu HI","Honolulu, HI Metropolitan Statistical Area","99999","Urban Honolulu, HI","Honolulu County--Nuuanu to Kalihi","Urban Honolulu, HI Urbanized Area",6047,0.006 
"26180","15","15003","0062.02","96819","U","89770","00305","99999","HI","Honolulu HI","Honolulu, HI Metropolitan Statistical Area","99999","Urban Honolulu, HI","Honolulu County--Nuuanu to Kalihi","Urban Honolulu, HI Urbanized Area",1701,0.002 
"26180","15","15003","0063.01","96819","U","89770","00305","99999","HI","Honolulu HI","Honolulu, HI Metropolitan Statistical Area","99999","Urban Honolulu, HI","Honolulu County--Nuuanu to Kalihi","Urban Honolulu, HI Urbanized Area",3773,0.004 
"26180","15","15003","0063.02","96819","U","89770","00305","99999","HI","Honolulu HI","Honolulu, HI Metropolitan Statistical Area","99999","Urban Honolulu, HI","Honolulu County--Nuuanu to Kalihi","Urban Honolulu, HI Urbanized Area",2720,0.003 
"26180","15","15003","0064.01","96819","U","89770","00305","99999","HI","Honolulu HI","Honolulu, HI Metropolitan Statistical Area","99999","Urban Honolulu, HI","Honolulu County--Nuuanu to Kalihi","Urban Honolulu, HI Urbanized Area",2059,0.002 
"26180","15","15003","0064.02","96819","U","89770","00305","99999","HI","Honolulu HI","Honolulu, HI Metropolitan Statistical Area","99999","Urban Honolulu, HI","Honolulu County--Nuuanu to Kalihi","Urban Honolulu, HI Urbanized Area",6387,0.007 
"26180","15","15003","0065.00","96819","U","89770","00305","99999","HI","Honolulu HI","Honolulu, HI Metropolitan Statistical Area","99999","Urban Honolulu, HI","Honolulu County--Nuuanu to Kalihi","Urban Honolulu, HI Urbanized Area",4541,0.005 
"26180","15","15003","0066.00","96819","R"," ","00306","99999","HI","Honolulu HI","Honolulu, HI Metropolitan Statistical Area","99999","Urban Honolulu, HI","Honolulu County--Moanalua to Pearl City"," ",7,0 
"26180","15","15003","0066.00","96819","U","89770","00306","99999","HI","Honolulu HI","Honolulu, HI Metropolitan Statistical Area","99999","Urban Honolulu, HI","Honolulu County--Moanalua to Pearl City","Urban Honolulu, HI Urbanized Area",242,0 
"26180","15","15003","0066.00","96853","U","89770","00306","99999","HI","Honolulu HI","Honolulu, HI Metropolitan Statistical Area","99999","Hickam Housing, HI","Honolulu County--Moanalua to Pearl City","Urban Honolulu, HI Urbanized Area",125,0 
"26180","15","15003","0067.01","96819","R"," ","00306","99999","HI","Honolulu HI","Honolulu, HI Metropolitan Statistical Area","99999","Urban Honolulu, HI","Honolulu County--Moanalua to Pearl City"," ",781,0.001 
"26180","15","15003","0067.01","96819","U","89770","00306","99999","HI","Honolulu HI","Honolulu, HI Metropolitan Statistical Area","99999","Urban Honolulu, HI","Honolulu County--Moanalua to Pearl City","Urban Honolulu, HI Urbanized Area",4893,0.005 
"26180","15","15003","0067.01","96859","U","89770","00306","99999","HI","Honolulu HI","Honolulu, HI Metropolitan Statistical Area","99999","Tripler Army Medical Center, HI","Honolulu County--Moanalua to Pearl City","Urban Honolulu, HI Urbanized Area",156,0 
"26180","15","15003","0067.02","96819","U","89770","00306","99999","HI","Honolulu HI","Honolulu, HI Metropolitan Statistical Area","99999","Urban Honolulu, HI","Honolulu County--Moanalua to Pearl City","Urban Honolulu, HI Urbanized Area",1989,0.002 
"26180","15","15003","0068.02","96818","U","89770","00306","99999","HI","Honolulu HI","Honolulu, HI Metropolitan Statistical Area","99999","Urban Honolulu, HI","Honolulu County--Moanalua to Pearl City","Urban Honolulu, HI Urbanized Area",6842,0.007 
"26180","15","15003","0068.04","96818","U","89770","00306","99999","HI","Honolulu HI","Honolulu, HI Metropolitan Statistical Area","99999","Urban Honolulu, HI","Honolulu County--Moanalua to Pearl City","Urban Honolulu, HI Urbanized Area",2835,0.003 
"26180","15","15003","0068.05","96818","U","89770","00306","99999","HI","Honolulu HI","Honolulu, HI Metropolitan Statistical Area","99999","Urban Honolulu, HI","Honolulu County--Moanalua to Pearl City","Urban Honolulu, HI Urbanized Area",6167,0.006 
"26180","15","15003","0068.06","96818","U","89770","00306","99999","HI","Honolulu HI","Honolulu, HI Metropolitan Statistical Area","99999","Urban Honolulu, HI","Honolulu County--Moanalua to Pearl City","Urban Honolulu, HI Urbanized Area",1704,0.002 
"26180","15","15003","0068.08","96818","U","89770","00306","99999","HI","Honolulu HI","Honolulu, HI Metropolitan Statistical Area","99999","Urban Honolulu, HI","Honolulu County--Moanalua to Pearl City","Urban Honolulu, HI Urbanized Area",4423,0.005 
"26180","15","15003","0068.09","96818","U","89770","00306","99999","HI","Honolulu HI","Honolulu, HI Metropolitan Statistical Area","99999","Urban Honolulu, HI","Honolulu County--Moanalua to Pearl City","Urban Honolulu, HI Urbanized Area",5040,0.005 
"26180","15","15003","0069.00","96818","U","89770","00306","99999","HI","Honolulu HI","Honolulu, HI Metropolitan Statistical Area","99999","Urban Honolulu, HI","Honolulu County--Moanalua to Pearl City","Urban Honolulu, HI Urbanized Area",3823,0.004 
"26180","15","15003","0070.00","96818","U","89770","00306","99999","HI","Honolulu HI","Honolulu, HI Metropolitan Statistical Area","99999","Urban Honolulu, HI","Honolulu County--Moanalua to Pearl City","Urban Honolulu, HI Urbanized Area",4041,0.004 
"26180","15","15003","0071.00","96818","U","89770","00306","99999","HI","Honolulu HI","Honolulu, HI Metropolitan Statistical Area","99999","Urban Honolulu, HI","Honolulu County--Moanalua to Pearl City","Urban Honolulu, HI Urbanized Area",2713,0.003 
"26180","15","15003","0073.02","96818","U","89770","00306","99999","HI","Honolulu HI","Honolulu, HI Metropolitan Statistical Area","99999","Urban Honolulu, HI","Honolulu County--Moanalua to Pearl City","Urban Honolulu, HI Urbanized Area",3866,0.004 
"26180","15","15003","0073.03","96818","U","89770","00306","99999","HI","Honolulu HI","Honolulu, HI Metropolitan Statistical Area","99999","Urban Honolulu, HI","Honolulu County--Moanalua to Pearl City","Urban Honolulu, HI Urbanized Area",4,0 
"26180","15","15003","0073.03","96853","U","89770","00306","99999","HI","Honolulu HI","Honolulu, HI Metropolitan Statistical Area","99999","Hickam Housing, HI","Honolulu County--Moanalua to Pearl City","Urban Honolulu, HI Urbanized Area",337,0 
"26180","15","15003","0074.00","96818","U","89770","00306","99999","HI","Honolulu HI","Honolulu, HI Metropolitan Statistical Area","99999","Urban Honolulu, HI","Honolulu County--Moanalua to Pearl City","Urban Honolulu, HI Urbanized Area",2857,0.003 
"26180","15","15003","0074.00","96860","U","89770","00306","99999","HI","Honolulu HI","Honolulu, HI Metropolitan Statistical Area","99999","Pearl Harbor, HI","Honolulu County--Moanalua to Pearl City","Urban Honolulu, HI Urbanized Area",1124,0.001 
"26180","15","15003","0075.02","96701","U","89770","00306","99999","HI","Honolulu HI","Honolulu, HI Metropolitan Statistical Area","99999","Waimalu, HI","Honolulu County--Moanalua to Pearl City","Urban Honolulu, HI Urbanized Area",1068,0.001 
"26180","15","15003","0075.02","96819","U","89770","00306","99999","HI","Honolulu HI","Honolulu, HI Metropolitan Statistical Area","99999","Urban Honolulu, HI","Honolulu County--Moanalua to Pearl City","Urban Honolulu, HI Urbanized Area",308,0 
"26180","15","15003","0075.03","96701","U","89770","00306","99999","HI","Honolulu HI","Honolulu, HI Metropolitan Statistical Area","99999","Waimalu, HI","Honolulu County--Moanalua to Pearl City","Urban Honolulu, HI Urbanized Area",5160,0.005 
"26180","15","15003","0075.04","96701","U","89770","00306","99999","HI","Honolulu HI","Honolulu, HI Metropolitan Statistical Area","99999","Waimalu, HI","Honolulu County--Moanalua to Pearl City","Urban Honolulu, HI Urbanized Area",3171,0.003 
"26180","15","15003","0075.05","96818","U","89770","00306","99999","HI","Honolulu HI","Honolulu, HI Metropolitan Statistical Area","99999","Urban Honolulu, HI","Honolulu County--Moanalua to Pearl City","Urban Honolulu, HI Urbanized Area",5338,0.006 
"26180","15","15003","0075.06","96818","U","89770","00306","99999","HI","Honolulu HI","Honolulu, HI Metropolitan Statistical Area","99999","Urban Honolulu, HI","Honolulu County--Moanalua to Pearl City","Urban Honolulu, HI Urbanized Area",933,0.001 
"26180","15","15003","0077.01","96701","U","89770","00306","99999","HI","Honolulu HI","Honolulu, HI Metropolitan Statistical Area","99999","Waimalu, HI","Honolulu County--Moanalua to Pearl City","Urban Honolulu, HI Urbanized Area",4240,0.004 
"26180","15","15003","0077.02","96701","U","89770","00306","99999","HI","Honolulu HI","Honolulu, HI Metropolitan Statistical Area","99999","Waimalu, HI","Honolulu County--Moanalua to Pearl City","Urban Honolulu, HI Urbanized Area",5098,0.005 
"26180","15","15003","0078.04","96782","U","89770","00306","99999","HI","Honolulu HI","Honolulu, HI Metropolitan Statistical Area","99999","Pearl City, HI","Honolulu County--Moanalua to Pearl City","Urban Honolulu, HI Urbanized Area",1907,0.002 
"26180","15","15003","0078.05","96701","U","89770","00306","99999","HI","Honolulu HI","Honolulu, HI Metropolitan Statistical Area","99999","Waimalu, HI","Honolulu County--Moanalua to Pearl City","Urban Honolulu, HI Urbanized Area",768,0.001 
"26180","15","15003","0078.05","96782","U","89770","00306","99999","HI","Honolulu HI","Honolulu, HI Metropolitan Statistical Area","99999","Pearl City, HI","Honolulu County--Moanalua to Pearl City","Urban Honolulu, HI Urbanized Area",4368,0.005 
"26180","15","15003","0078.07","96701","U","89770","00306","99999","HI","Honolulu HI","Honolulu, HI Metropolitan Statistical Area","99999","Waimalu, HI","Honolulu County--Moanalua to Pearl City","Urban Honolulu, HI Urbanized Area",5405,0.006 
"26180","15","15003","0078.08","96701","U","89770","00306","99999","HI","Honolulu HI","Honolulu, HI Metropolitan Statistical Area","99999","Waimalu, HI","Honolulu County--Moanalua to Pearl City","Urban Honolulu, HI Urbanized Area",3346,0.004 
"26180","15","15003","0078.09","96701","U","89770","00306","99999","HI","Honolulu HI","Honolulu, HI Metropolitan Statistical Area","99999","Waimalu, HI","Honolulu County--Moanalua to Pearl City","Urban Honolulu, HI Urbanized Area",3377,0.004 
"26180","15","15003","0078.10","96701","U","89770","00306","99999","HI","Honolulu HI","Honolulu, HI Metropolitan Statistical Area","99999","Waimalu, HI","Honolulu County--Moanalua to Pearl City","Urban Honolulu, HI Urbanized Area",3493,0.004 
"26180","15","15003","0078.10","96782","U","89770","00306","99999","HI","Honolulu HI","Honolulu, HI Metropolitan Statistical Area","99999","Pearl City, HI","Honolulu County--Moanalua to Pearl City","Urban Honolulu, HI Urbanized Area",1957,0.002 
"26180","15","15003","0078.11","96701","R"," ","00306","99999","HI","Honolulu HI","Honolulu, HI Metropolitan Statistical Area","99999","Waimalu, HI","Honolulu County--Moanalua to Pearl City"," ",11,0 
"26180","15","15003","0078.11","96701","U","89770","00306","99999","HI","Honolulu HI","Honolulu, HI Metropolitan Statistical Area","99999","Waimalu, HI","Honolulu County--Moanalua to Pearl City","Urban Honolulu, HI Urbanized Area",4979,0.005 
"26180","15","15003","0080.01","96782","U","89770","00306","99999","HI","Honolulu HI","Honolulu, HI Metropolitan Statistical Area","99999","Pearl City, HI","Honolulu County--Moanalua to Pearl City","Urban Honolulu, HI Urbanized Area",2005,0.002 
"26180","15","15003","0080.02","96701","U","89770","00306","99999","HI","Honolulu HI","Honolulu, HI Metropolitan Statistical Area","99999","Waimalu, HI","Honolulu County--Moanalua to Pearl City","Urban Honolulu, HI Urbanized Area",165,0 
"26180","15","15003","0080.02","96782","U","89770","00306","99999","HI","Honolulu HI","Honolulu, HI Metropolitan Statistical Area","99999","Pearl City, HI","Honolulu County--Moanalua to Pearl City","Urban Honolulu, HI Urbanized Area",2672,0.003 
"26180","15","15003","0080.03","96782","U","89770","00306","99999","HI","Honolulu HI","Honolulu, HI Metropolitan Statistical Area","99999","Pearl City, HI","Honolulu County--Moanalua to Pearl City","Urban Honolulu, HI Urbanized Area",4668,0.005 
"26180","15","15003","0080.05","96782","U","89770","00306","99999","HI","Honolulu HI","Honolulu, HI Metropolitan Statistical Area","99999","Pearl City, HI","Honolulu County--Moanalua to Pearl City","Urban Honolulu, HI Urbanized Area",6864,0.007 
"26180","15","15003","0080.06","96782","U","89770","00306","99999","HI","Honolulu HI","Honolulu, HI Metropolitan Statistical Area","99999","Pearl City, HI","Honolulu County--Moanalua to Pearl City","Urban Honolulu, HI Urbanized Area",4858,0.005 
"26180","15","15003","0080.07","96782","U","89770","00306","99999","HI","Honolulu HI","Honolulu, HI Metropolitan Statistical Area","99999","Pearl City, HI","Honolulu County--Moanalua to Pearl City","Urban Honolulu, HI Urbanized Area",5306,0.006 
"26180","15","15003","0083.01","96706","U","89770","00308","99999","HI","Honolulu HI","Honolulu, HI Metropolitan Statistical Area","99999","Ewa Gentry, HI","Honolulu County--Ewa","Urban Honolulu, HI Urbanized Area",4661,0.005 
"26180","15","15003","0083.02","96706","U","89770","00308","99999","HI","Honolulu HI","Honolulu, HI Metropolitan Statistical Area","99999","Ewa Gentry, HI","Honolulu County--Ewa","Urban Honolulu, HI Urbanized Area",6749,0.007 
"26180","15","15003","0084.02","96706","U","89770","00308","99999","HI","Honolulu HI","Honolulu, HI Metropolitan Statistical Area","99999","Ewa Gentry, HI","Honolulu County--Ewa","Urban Honolulu, HI Urbanized Area",8206,0.009 
"26180","15","15003","0084.05","96706","U","89770","00308","99999","HI","Honolulu HI","Honolulu, HI Metropolitan Statistical Area","99999","Ewa Gentry, HI","Honolulu County--Ewa","Urban Honolulu, HI Urbanized Area",4664,0.005 
"26180","15","15003","0084.06","96706","U","89770","00308","99999","HI","Honolulu HI","Honolulu, HI Metropolitan Statistical Area","99999","Ewa Gentry, HI","Honolulu County--Ewa","Urban Honolulu, HI Urbanized Area",5997,0.006 
"26180","15","15003","0084.07","96706","U","89770","00308","99999","HI","Honolulu HI","Honolulu, HI Metropolitan Statistical Area","99999","Ewa Gentry, HI","Honolulu County--Ewa","Urban Honolulu, HI Urbanized Area",3325,0.003 
"26180","15","15003","0084.08","96706","U","89770","00308","99999","HI","Honolulu HI","Honolulu, HI Metropolitan Statistical Area","99999","Ewa Gentry, HI","Honolulu County--Ewa","Urban Honolulu, HI Urbanized Area",4728,0.005 
"26180","15","15003","0084.10","96706","U","89770","00308","99999","HI","Honolulu HI","Honolulu, HI Metropolitan Statistical Area","99999","Ewa Gentry, HI","Honolulu County--Ewa","Urban Honolulu, HI Urbanized Area",2346,0.002 
"26180","15","15003","0084.11","96706","U","89770","00308","99999","HI","Honolulu HI","Honolulu, HI Metropolitan Statistical Area","99999","Ewa Gentry, HI","Honolulu County--Ewa","Urban Honolulu, HI Urbanized Area",3448,0.004 
"26180","15","15003","0084.12","96706","U","89770","00308","99999","HI","Honolulu HI","Honolulu, HI Metropolitan Statistical Area","99999","Ewa Gentry, HI","Honolulu County--Ewa","Urban Honolulu, HI Urbanized Area",6543,0.007 
"26180","15","15003","0085.02","96707","R"," ","00308","99999","HI","Honolulu HI","Honolulu, HI Metropolitan Statistical Area","99999","Makakilo, HI","Honolulu County--Ewa"," ",2,0 
"26180","15","15003","0085.02","96707","U","89770","00308","99999","HI","Honolulu HI","Honolulu, HI Metropolitan Statistical Area","99999","Makakilo, HI","Honolulu County--Ewa","Urban Honolulu, HI Urbanized Area",2134,0.002 
"26180","15","15003","0086.06","96707","U","89770","00308","99999","HI","Honolulu HI","Honolulu, HI Metropolitan Statistical Area","99999","Makakilo, HI","Honolulu County--Ewa","Urban Honolulu, HI Urbanized Area",9693,0.01 
"26180","15","15003","0086.09","96707","U","89770","00308","99999","HI","Honolulu HI","Honolulu, HI Metropolitan Statistical Area","99999","Makakilo, HI","Honolulu County--Ewa","Urban Honolulu, HI Urbanized Area",2066,0.002 
"26180","15","15003","0086.10","96707","U","89770","00308","99999","HI","Honolulu HI","Honolulu, HI Metropolitan Statistical Area","99999","Makakilo, HI","Honolulu County--Ewa","Urban Honolulu, HI Urbanized Area",1051,0.001 
"26180","15","15003","0086.11","96707","R"," ","00308","99999","HI","Honolulu HI","Honolulu, HI Metropolitan Statistical Area","99999","Makakilo, HI","Honolulu County--Ewa"," ",84,0 
"26180","15","15003","0086.12","96707","U","89770","00308","99999","HI","Honolulu HI","Honolulu, HI Metropolitan Statistical Area","99999","Makakilo, HI","Honolulu County--Ewa","Urban Honolulu, HI Urbanized Area",6017,0.006 
"26180","15","15003","0086.13","96707","U","89770","00308","99999","HI","Honolulu HI","Honolulu, HI Metropolitan Statistical Area","99999","Makakilo, HI","Honolulu County--Ewa","Urban Honolulu, HI Urbanized Area",904,0.001 
"26180","15","15003","0086.14","96706","U","89770","00308","99999","HI","Honolulu HI","Honolulu, HI Metropolitan Statistical Area","99999","Ewa Gentry, HI","Honolulu County--Ewa","Urban Honolulu, HI Urbanized Area",470,0 
"26180","15","15003","0086.14","96707","R"," ","00308","99999","HI","Honolulu HI","Honolulu, HI Metropolitan Statistical Area","99999","Makakilo, HI","Honolulu County--Ewa"," ",46,0 
"26180","15","15003","0086.14","96707","U","89770","00308","99999","HI","Honolulu HI","Honolulu, HI Metropolitan Statistical Area","99999","Makakilo, HI","Honolulu County--Ewa","Urban Honolulu, HI Urbanized Area",7259,0.008 
"26180","15","15003","0086.14","96759","R"," ","00308","99999","HI","Honolulu HI","Honolulu, HI Metropolitan Statistical Area","99999","Kunia, HI (PO Boxes)","Honolulu County--Ewa"," ",457,0 
"26180","15","15003","0086.17","96706","U","89770","00308","99999","HI","Honolulu HI","Honolulu, HI Metropolitan Statistical Area","99999","Ewa Gentry, HI","Honolulu County--Ewa","Urban Honolulu, HI Urbanized Area",9364,0.01 
"26180","15","15003","0086.22","96707","U","89770","00308","99999","HI","Honolulu HI","Honolulu, HI Metropolitan Statistical Area","99999","Makakilo, HI","Honolulu County--Ewa","Urban Honolulu, HI Urbanized Area",4068,0.004 
"26180","15","15003","0087.01","96782","U","89770","00307","99999","HI","Honolulu HI","Honolulu, HI Metropolitan Statistical Area","99999","Pearl City, HI","Honolulu County--Central Oahu","Urban Honolulu, HI Urbanized Area",601,0.001 
"26180","15","15003","0087.01","96797","U","89770","00307","99999","HI","Honolulu HI","Honolulu, HI Metropolitan Statistical Area","99999","Waipahu, HI","Honolulu County--Central Oahu","Urban Honolulu, HI Urbanized Area",8186,0.009 
"26180","15","15003","0087.02","96797","U","89770","00307","99999","HI","Honolulu HI","Honolulu, HI Metropolitan Statistical Area","99999","Waipahu, HI","Honolulu County--Central Oahu","Urban Honolulu, HI Urbanized Area",5593,0.006 
"26180","15","15003","0087.03","96706","U","89770","00308","99999","HI","Honolulu HI","Honolulu, HI Metropolitan Statistical Area","99999","Ewa Gentry, HI","Honolulu County--Ewa","Urban Honolulu, HI Urbanized Area",2229,0.002 
"26180","15","15003","0087.03","96797","U","89770","00308","99999","HI","Honolulu HI","Honolulu, HI Metropolitan Statistical Area","99999","Waipahu, HI","Honolulu County--Ewa","Urban Honolulu, HI Urbanized Area",4608,0.005 
"26180","15","15003","0088.00","96797","U","89770","00307","99999","HI","Honolulu HI","Honolulu, HI Metropolitan Statistical Area","99999","Waipahu, HI","Honolulu County--Central Oahu","Urban Honolulu, HI Urbanized Area",8054,0.008 
"26180","15","15003","0089.06","96789","U","89770","00307","99999","HI","Honolulu HI","Honolulu, HI Metropolitan Statistical Area","99999","Mililani Town, HI","Honolulu County--Central Oahu","Urban Honolulu, HI Urbanized Area",3771,0.004 
"26180","15","15003","0089.07","96789","U","89770","00307","99999","HI","Honolulu HI","Honolulu, HI Metropolitan Statistical Area","99999","Mililani Town, HI","Honolulu County--Central Oahu","Urban Honolulu, HI Urbanized Area",4232,0.004 
"26180","15","15003","0089.08","96789","U","89770","00307","99999","HI","Honolulu HI","Honolulu, HI Metropolitan Statistical Area","99999","Mililani Town, HI","Honolulu County--Central Oahu","Urban Honolulu, HI Urbanized Area",5837,0.006 
"26180","15","15003","0089.09","96789","U","89770","00307","99999","HI","Honolulu HI","Honolulu, HI Metropolitan Statistical Area","99999","Mililani Town, HI","Honolulu County--Central Oahu","Urban Honolulu, HI Urbanized Area",3806,0.004 
"26180","15","15003","0089.12","96797","U","89770","00307","99999","HI","Honolulu HI","Honolulu, HI Metropolitan Statistical Area","99999","Waipahu, HI","Honolulu County--Central Oahu","Urban Honolulu, HI Urbanized Area",2570,0.003 
"26180","15","15003","0089.13","96797","U","89770","00307","99999","HI","Honolulu HI","Honolulu, HI Metropolitan Statistical Area","99999","Waipahu, HI","Honolulu County--Central Oahu","Urban Honolulu, HI Urbanized Area",4116,0.004 
"26180","15","15003","0089.14","96797","U","89770","00307","99999","HI","Honolulu HI","Honolulu, HI Metropolitan Statistical Area","99999","Waipahu, HI","Honolulu County--Central Oahu","Urban Honolulu, HI Urbanized Area",5098,0.005 
"26180","15","15003","0089.15","96789","U","89770","00307","99999","HI","Honolulu HI","Honolulu, HI Metropolitan Statistical Area","99999","Mililani Town, HI","Honolulu County--Central Oahu","Urban Honolulu, HI Urbanized Area",5236,0.005 
"26180","15","15003","0089.17","96789","U","89770","00307","99999","HI","Honolulu HI","Honolulu, HI Metropolitan Statistical Area","99999","Mililani Town, HI","Honolulu County--Central Oahu","Urban Honolulu, HI Urbanized Area",4554,0.005 
"26180","15","15003","0089.18","96789","U","89770","00307","99999","HI","Honolulu HI","Honolulu, HI Metropolitan Statistical Area","99999","Mililani Town, HI","Honolulu County--Central Oahu","Urban Honolulu, HI Urbanized Area",5429,0.006 
"26180","15","15003","0089.20","96797","U","89770","00307","99999","HI","Honolulu HI","Honolulu, HI Metropolitan Statistical Area","99999","Waipahu, HI","Honolulu County--Central Oahu","Urban Honolulu, HI Urbanized Area",4296,0.005 
"26180","15","15003","0089.21","96797","U","89770","00307","99999","HI","Honolulu HI","Honolulu, HI Metropolitan Statistical Area","99999","Waipahu, HI","Honolulu County--Central Oahu","Urban Honolulu, HI Urbanized Area",2668,0.003 
"26180","15","15003","0089.22","96797","U","89770","00307","99999","HI","Honolulu HI","Honolulu, HI Metropolitan Statistical Area","99999","Waipahu, HI","Honolulu County--Central Oahu","Urban Honolulu, HI Urbanized Area",7479,0.008 
"26180","15","15003","0089.23","96797","U","89770","00307","99999","HI","Honolulu HI","Honolulu, HI Metropolitan Statistical Area","99999","Waipahu, HI","Honolulu County--Central Oahu","Urban Honolulu, HI Urbanized Area",4737,0.005 
"26180","15","15003","0089.24","96797","R"," ","00307","99999","HI","Honolulu HI","Honolulu, HI Metropolitan Statistical Area","99999","Waipahu, HI","Honolulu County--Central Oahu"," ",234,0 
"26180","15","15003","0089.24","96797","U","89770","00307","99999","HI","Honolulu HI","Honolulu, HI Metropolitan Statistical Area","99999","Waipahu, HI","Honolulu County--Central Oahu","Urban Honolulu, HI Urbanized Area",7389,0.008 
"26180","15","15003","0089.25","96797","U","89770","00307","99999","HI","Honolulu HI","Honolulu, HI Metropolitan Statistical Area","99999","Waipahu, HI","Honolulu County--Central Oahu","Urban Honolulu, HI Urbanized Area",6902,0.007 
"26180","15","15003","0089.26","96789","U","89770","00307","99999","HI","Honolulu HI","Honolulu, HI Metropolitan Statistical Area","99999","Mililani Town, HI","Honolulu County--Central Oahu","Urban Honolulu, HI Urbanized Area",1572,0.002 
"26180","15","15003","0089.27","96789","U","89770","00307","99999","HI","Honolulu HI","Honolulu, HI Metropolitan Statistical Area","99999","Mililani Town, HI","Honolulu County--Central Oahu","Urban Honolulu, HI Urbanized Area",5180,0.005 
"26180","15","15003","0089.28","96789","U","89770","00307","99999","HI","Honolulu HI","Honolulu, HI Metropolitan Statistical Area","99999","Mililani Town, HI","Honolulu County--Central Oahu","Urban Honolulu, HI Urbanized Area",3884,0.004 
"26180","15","15003","0089.29","96789","U","89770","00307","99999","HI","Honolulu HI","Honolulu, HI Metropolitan Statistical Area","99999","Mililani Town, HI","Honolulu County--Central Oahu","Urban Honolulu, HI Urbanized Area",4836,0.005 
"26180","15","15003","0089.30","96789","U","89770","00307","99999","HI","Honolulu HI","Honolulu, HI Metropolitan Statistical Area","99999","Mililani Town, HI","Honolulu County--Central Oahu","Urban Honolulu, HI Urbanized Area",2560,0.003 
"26180","15","15003","0089.31","96789","R"," ","00307","99999","HI","Honolulu HI","Honolulu, HI Metropolitan Statistical Area","99999","Mililani Town, HI","Honolulu County--Central Oahu"," ",26,0 
"26180","15","15003","0089.31","96789","U","89770","00307","99999","HI","Honolulu HI","Honolulu, HI Metropolitan Statistical Area","99999","Mililani Town, HI","Honolulu County--Central Oahu","Urban Honolulu, HI Urbanized Area",3007,0.003 
"26180","15","15003","0089.31","96797","R"," ","00307","99999","HI","Honolulu HI","Honolulu, HI Metropolitan Statistical Area","99999","Waipahu, HI","Honolulu County--Central Oahu"," ",277,0 
"26180","15","15003","0090.00","96786","U","89770","00301","99999","HI","Honolulu HI","Honolulu, HI Metropolitan Statistical Area","99999","Wahiawa, HI","Honolulu County--Rural Oahu","Urban Honolulu, HI Urbanized Area",1435,0.002 
"26180","15","15003","0090.00","96789","U","89770","00301","99999","HI","Honolulu HI","Honolulu, HI Metropolitan Statistical Area","99999","Mililani Town, HI","Honolulu County--Rural Oahu","Urban Honolulu, HI Urbanized Area",199,0 
"26180","15","15003","0091.00","96786","R"," ","00307","99999","HI","Honolulu HI","Honolulu, HI Metropolitan Statistical Area","99999","Wahiawa, HI","Honolulu County--Central Oahu"," ",35,0 
"26180","15","15003","0091.00","96786","U","89770","00307","99999","HI","Honolulu HI","Honolulu, HI Metropolitan Statistical Area","99999","Wahiawa, HI","Honolulu County--Central Oahu","Urban Honolulu, HI Urbanized Area",5297,0.006 
"26180","15","15003","0092.00","96786","U","89770","00307","99999","HI","Honolulu HI","Honolulu, HI Metropolitan Statistical Area","99999","Wahiawa, HI","Honolulu County--Central Oahu","Urban Honolulu, HI Urbanized Area",7963,0.008 
"26180","15","15003","0093.00","96786","U","89770","00307","99999","HI","Honolulu HI","Honolulu, HI Metropolitan Statistical Area","99999","Wahiawa, HI","Honolulu County--Central Oahu","Urban Honolulu, HI Urbanized Area",4762,0.005 
"26180","15","15003","0094.00","96786","U","89770","00307","99999","HI","Honolulu HI","Honolulu, HI Metropolitan Statistical Area","99999","Wahiawa, HI","Honolulu County--Central Oahu","Urban Honolulu, HI Urbanized Area",5155,0.005 
"26180","15","15003","0095.01","96786","U","89770","00301","99999","HI","Honolulu HI","Honolulu, HI Metropolitan Statistical Area","99999","Wahiawa, HI","Honolulu County--Rural Oahu","Urban Honolulu, HI Urbanized Area",4893,0.005 
"26180","15","15003","0095.02","96786","U","89770","00301","99999","HI","Honolulu HI","Honolulu, HI Metropolitan Statistical Area","99999","Wahiawa, HI","Honolulu County--Rural Oahu","Urban Honolulu, HI Urbanized Area",4243,0.004 
"26180","15","15003","0095.03","96786","U","89770","00301","99999","HI","Honolulu HI","Honolulu, HI Metropolitan Statistical Area","99999","Wahiawa, HI","Honolulu County--Rural Oahu","Urban Honolulu, HI Urbanized Area",881,0.001 
"26180","15","15003","0095.03","96857","U","89770","00301","99999","HI","Honolulu HI","Honolulu, HI Metropolitan Statistical Area","99999","Schofield Barracks, HI","Honolulu County--Rural Oahu","Urban Honolulu, HI Urbanized Area",2522,0.003 
"26180","15","15003","0095.04","96786","U","89770","00301","99999","HI","Honolulu HI","Honolulu, HI Metropolitan Statistical Area","99999","Wahiawa, HI","Honolulu County--Rural Oahu","Urban Honolulu, HI Urbanized Area",1271,0.001 
"26180","15","15003","0095.07","96786","U","89770","00301","99999","HI","Honolulu HI","Honolulu, HI Metropolitan Statistical Area","99999","Wahiawa, HI","Honolulu County--Rural Oahu","Urban Honolulu, HI Urbanized Area",2560,0.003 
"26180","15","15003","0096.03","96792","U","89770","00301","99999","HI","Honolulu HI","Honolulu, HI Metropolitan Statistical Area","99999","Waianae, HI","Honolulu County--Rural Oahu","Urban Honolulu, HI Urbanized Area",10289,0.011 
"26180","15","15003","0096.08","96792","R"," ","00301","99999","HI","Honolulu HI","Honolulu, HI Metropolitan Statistical Area","99999","Waianae, HI","Honolulu County--Rural Oahu"," ",6,0 
"26180","15","15003","0096.08","96792","U","89770","00301","99999","HI","Honolulu HI","Honolulu, HI Metropolitan Statistical Area","99999","Waianae, HI","Honolulu County--Rural Oahu","Urban Honolulu, HI Urbanized Area",5676,0.006 
"26180","15","15003","0097.01","96792","R"," ","00301","99999","HI","Honolulu HI","Honolulu, HI Metropolitan Statistical Area","99999","Waianae, HI","Honolulu County--Rural Oahu"," ",539,0.001 
"26180","15","15003","0097.01","96792","U","89770","00301","99999","HI","Honolulu HI","Honolulu, HI Metropolitan Statistical Area","99999","Waianae, HI","Honolulu County--Rural Oahu","Urban Honolulu, HI Urbanized Area",6096,0.006 
"26180","15","15003","0097.03","96792","U","89770","00301","99999","HI","Honolulu HI","Honolulu, HI Metropolitan Statistical Area","99999","Waianae, HI","Honolulu County--Rural Oahu","Urban Honolulu, HI Urbanized Area",6227,0.007 
"26180","15","15003","0097.04","96792","U","89770","00301","99999","HI","Honolulu HI","Honolulu, HI Metropolitan Statistical Area","99999","Waianae, HI","Honolulu County--Rural Oahu","Urban Honolulu, HI Urbanized Area",3066,0.003 
"26180","15","15003","0098.01","96792","R"," ","00301","99999","HI","Honolulu HI","Honolulu, HI Metropolitan Statistical Area","99999","Waianae, HI","Honolulu County--Rural Oahu"," ",228,0 
"26180","15","15003","0098.01","96792","U","89770","00301","99999","HI","Honolulu HI","Honolulu, HI Metropolitan Statistical Area","99999","Waianae, HI","Honolulu County--Rural Oahu","Urban Honolulu, HI Urbanized Area",2606,0.003 
"26180","15","15003","0098.02","96792","U","89770","00301","99999","HI","Honolulu HI","Honolulu, HI Metropolitan Statistical Area","99999","Waianae, HI","Honolulu County--Rural Oahu","Urban Honolulu, HI Urbanized Area",6386,0.007 
"26180","15","15003","0099.02","96712","U","36231","00301","99999","HI","Honolulu HI","Honolulu, HI Metropolitan Statistical Area","99999","Pupukea, HI","Honolulu County--Rural Oahu","Haleiwa--Waialua--Pupukea, HI Urban Cluster",1845,0.002 
"26180","15","15003","0099.02","96791","U","36231","00301","99999","HI","Honolulu HI","Honolulu, HI Metropolitan Statistical Area","99999","Waialua, HI","Honolulu County--Rural Oahu","Haleiwa--Waialua--Pupukea, HI Urban Cluster",1895,0.002 
"26180","15","15003","0099.04","96791","R"," ","00301","99999","HI","Honolulu HI","Honolulu, HI Metropolitan Statistical Area","99999","Waialua, HI","Honolulu County--Rural Oahu"," ",553,0.001 
"26180","15","15003","0099.04","96791","U","36231","00301","99999","HI","Honolulu HI","Honolulu, HI Metropolitan Statistical Area","99999","Waialua, HI","Honolulu County--Rural Oahu","Haleiwa--Waialua--Pupukea, HI Urban Cluster",5433,0.006 
"26180","15","15003","0100.00","96712","R"," ","00301","99999","HI","Honolulu HI","Honolulu, HI Metropolitan Statistical Area","99999","Pupukea, HI","Honolulu County--Rural Oahu"," ",70,0 
"26180","15","15003","0100.00","96712","U","36231","00301","99999","HI","Honolulu HI","Honolulu, HI Metropolitan Statistical Area","99999","Pupukea, HI","Honolulu County--Rural Oahu","Haleiwa--Waialua--Pupukea, HI Urban Cluster",753,0.001 
"26180","15","15003","0100.00","96786","R"," ","00301","99999","HI","Honolulu HI","Honolulu, HI Metropolitan Statistical Area","99999","Wahiawa, HI","Honolulu County--Rural Oahu"," ",2,0 
"26180","15","15003","0100.00","96786","U","89770","00301","99999","HI","Honolulu HI","Honolulu, HI Metropolitan Statistical Area","99999","Wahiawa, HI","Honolulu County--Rural Oahu","Urban Honolulu, HI Urbanized Area",2362,0.002 
"26180","15","15003","0100.00","96791","U","36231","00301","99999","HI","Honolulu HI","Honolulu, HI Metropolitan Statistical Area","99999","Waialua, HI","Honolulu County--Rural Oahu","Haleiwa--Waialua--Pupukea, HI Urban Cluster",133,0 
"26180","15","15003","0101.00","96712","R"," ","00301","99999","HI","Honolulu HI","Honolulu, HI Metropolitan Statistical Area","99999","Pupukea, HI","Honolulu County--Rural Oahu"," ",973,0.001 
"26180","15","15003","0101.00","96712","U","36231","00301","99999","HI","Honolulu HI","Honolulu, HI Metropolitan Statistical Area","99999","Pupukea, HI","Honolulu County--Rural Oahu","Haleiwa--Waialua--Pupukea, HI Urban Cluster",3711,0.004 
"26180","15","15003","0101.00","96731","R"," ","00301","99999","HI","Honolulu HI","Honolulu, HI Metropolitan Statistical Area","99999","Kahuku, HI","Honolulu County--Rural Oahu"," ",704,0.001 
"26180","15","15003","0101.00","96731","U","46423","00301","99999","HI","Honolulu HI","Honolulu, HI Metropolitan Statistical Area","99999","Kahuku, HI","Honolulu County--Rural Oahu","Laie--Hauula, HI Urban Cluster",2493,0.003 
"26180","15","15003","0102.01","96717","R"," ","00301","99999","HI","Honolulu HI","Honolulu, HI Metropolitan Statistical Area","99999","Hauula, HI","Honolulu County--Rural Oahu"," ",579,0.001 
"26180","15","15003","0102.01","96717","U","46423","00301","99999","HI","Honolulu HI","Honolulu, HI Metropolitan Statistical Area","99999","Hauula, HI","Honolulu County--Rural Oahu","Laie--Hauula, HI Urban Cluster",3847,0.004 
"26180","15","15003","0102.01","96730","R"," ","00301","99999","HI","Honolulu HI","Honolulu, HI Metropolitan Statistical Area","99999","Kaaawa, HI","Honolulu County--Rural Oahu"," ",248,0 
"26180","15","15003","0102.01","96730","U","46423","00301","99999","HI","Honolulu HI","Honolulu, HI Metropolitan Statistical Area","99999","Kaaawa, HI","Honolulu County--Rural Oahu","Laie--Hauula, HI Urban Cluster",1208,0.001 
"26180","15","15003","0102.02","96717","U","46423","00301","99999","HI","Honolulu HI","Honolulu, HI Metropolitan Statistical Area","99999","Hauula, HI","Honolulu County--Rural Oahu","Laie--Hauula, HI Urban Cluster",1129,0.001 
"26180","15","15003","0102.02","96731","R"," ","00301","99999","HI","Honolulu HI","Honolulu, HI Metropolitan Statistical Area","99999","Kahuku, HI","Honolulu County--Rural Oahu"," ",83,0 
"26180","15","15003","0102.02","96731","U","46423","00301","99999","HI","Honolulu HI","Honolulu, HI Metropolitan Statistical Area","99999","Kahuku, HI","Honolulu County--Rural Oahu","Laie--Hauula, HI Urban Cluster",12,0 
"26180","15","15003","0102.02","96762","R"," ","00301","99999","HI","Honolulu HI","Honolulu, HI Metropolitan Statistical Area","99999","Laie, HI","Honolulu County--Rural Oahu"," ",37,0 
"26180","15","15003","0102.02","96762","U","46423","00301","99999","HI","Honolulu HI","Honolulu, HI Metropolitan Statistical Area","99999","Laie, HI","Honolulu County--Rural Oahu","Laie--Hauula, HI Urban Cluster",6382,0.007 
"26180","15","15003","0103.03","96730","R"," ","00302","99999","HI","Honolulu HI","Honolulu, HI Metropolitan Statistical Area","99999","Kaaawa, HI","Honolulu County--Koolaupoko"," ",85,0 
"26180","15","15003","0103.03","96744","R"," ","00302","99999","HI","Honolulu HI","Honolulu, HI Metropolitan Statistical Area","99999","Kaneohe, HI","Honolulu County--Koolaupoko"," ",854,0.001 
"26180","15","15003","0103.03","96744","U","43669","00302","99999","HI","Honolulu HI","Honolulu, HI Metropolitan Statistical Area","99999","Kaneohe, HI","Honolulu County--Koolaupoko","Kailua (Honolulu County)--Kaneohe, HI Urbanized Area",3827,0.004 
"26180","15","15003","0103.05","96744","U","43669","00302","99999","HI","Honolulu HI","Honolulu, HI Metropolitan Statistical Area","99999","Kaneohe, HI","Honolulu County--Koolaupoko","Kailua (Honolulu County)--Kaneohe, HI Urbanized Area",5063,0.005 
"26180","15","15003","0103.06","96744","R"," ","00302","99999","HI","Honolulu HI","Honolulu, HI Metropolitan Statistical Area","99999","Kaneohe, HI","Honolulu County--Koolaupoko"," ",150,0 
"26180","15","15003","0103.06","96744","U","43669","00302","99999","HI","Honolulu HI","Honolulu, HI Metropolitan Statistical Area","99999","Kaneohe, HI","Honolulu County--Koolaupoko","Kailua (Honolulu County)--Kaneohe, HI Urbanized Area",6219,0.007 
"26180","15","15003","0103.08","96744","R"," ","00302","99999","HI","Honolulu HI","Honolulu, HI Metropolitan Statistical Area","99999","Kaneohe, HI","Honolulu County--Koolaupoko"," ",5,0 
"26180","15","15003","0103.08","96744","U","43669","00302","99999","HI","Honolulu HI","Honolulu, HI Metropolitan Statistical Area","99999","Kaneohe, HI","Honolulu County--Koolaupoko","Kailua (Honolulu County)--Kaneohe, HI Urbanized Area",3314,0.003 
"26180","15","15003","0105.03","96744","U","43669","00302","99999","HI","Honolulu HI","Honolulu, HI Metropolitan Statistical Area","99999","Kaneohe, HI","Honolulu County--Koolaupoko","Kailua (Honolulu County)--Kaneohe, HI Urbanized Area",1980,0.002 
"26180","15","15003","0105.04","96744","U","43669","00302","99999","HI","Honolulu HI","Honolulu, HI Metropolitan Statistical Area","99999","Kaneohe, HI","Honolulu County--Koolaupoko","Kailua (Honolulu County)--Kaneohe, HI Urbanized Area",5115,0.005 
"26180","15","15003","0105.05","96744","U","43669","00302","99999","HI","Honolulu HI","Honolulu, HI Metropolitan Statistical Area","99999","Kaneohe, HI","Honolulu County--Koolaupoko","Kailua (Honolulu County)--Kaneohe, HI Urbanized Area",3531,0.004 
"26180","15","15003","0105.07","96744","U","43669","00302","99999","HI","Honolulu HI","Honolulu, HI Metropolitan Statistical Area","99999","Kaneohe, HI","Honolulu County--Koolaupoko","Kailua (Honolulu County)--Kaneohe, HI Urbanized Area",5421,0.006 
"26180","15","15003","0105.08","96744","U","43669","00302","99999","HI","Honolulu HI","Honolulu, HI Metropolitan Statistical Area","99999","Kaneohe, HI","Honolulu County--Koolaupoko","Kailua (Honolulu County)--Kaneohe, HI Urbanized Area",2569,0.003 
"26180","15","15003","0106.01","96744","U","43669","00302","99999","HI","Honolulu HI","Honolulu, HI Metropolitan Statistical Area","99999","Kaneohe, HI","Honolulu County--Koolaupoko","Kailua (Honolulu County)--Kaneohe, HI Urbanized Area",3422,0.004 
"26180","15","15003","0106.02","96744","U","43669","00302","99999","HI","Honolulu HI","Honolulu, HI Metropolitan Statistical Area","99999","Kaneohe, HI","Honolulu County--Koolaupoko","Kailua (Honolulu County)--Kaneohe, HI Urbanized Area",5449,0.006 
"26180","15","15003","0107.01","96744","U","43669","00302","99999","HI","Honolulu HI","Honolulu, HI Metropolitan Statistical Area","99999","Kaneohe, HI","Honolulu County--Koolaupoko","Kailua (Honolulu County)--Kaneohe, HI Urbanized Area",3661,0.004 
"26180","15","15003","0107.02","96744","U","43669","00302","99999","HI","Honolulu HI","Honolulu, HI Metropolitan Statistical Area","99999","Kaneohe, HI","Honolulu County--Koolaupoko","Kailua (Honolulu County)--Kaneohe, HI Urbanized Area",3666,0.004 
"26180","15","15003","0108.01","96734","U","43669","00302","99999","HI","Honolulu HI","Honolulu, HI Metropolitan Statistical Area","99999","Kailua, HI","Honolulu County--Koolaupoko","Kailua (Honolulu County)--Kaneohe, HI Urbanized Area",2917,0.003 
"26180","15","15003","0108.01","96863","U","43669","00302","99999","HI","Honolulu HI","Honolulu, HI Metropolitan Statistical Area","99999","M C B H Kaneohe Bay, HI","Honolulu County--Koolaupoko","Kailua (Honolulu County)--Kaneohe, HI Urbanized Area",52,0 
"26180","15","15003","0108.02","96734","U","43669","00302","99999","HI","Honolulu HI","Honolulu, HI Metropolitan Statistical Area","99999","Kailua, HI","Honolulu County--Koolaupoko","Kailua (Honolulu County)--Kaneohe, HI Urbanized Area",6548,0.007 
"26180","15","15003","0109.01","96734","U","43669","00302","99999","HI","Honolulu HI","Honolulu, HI Metropolitan Statistical Area","99999","Kailua, HI","Honolulu County--Koolaupoko","Kailua (Honolulu County)--Kaneohe, HI Urbanized Area",3140,0.003 
"26180","15","15003","0109.03","96734","U","43669","00302","99999","HI","Honolulu HI","Honolulu, HI Metropolitan Statistical Area","99999","Kailua, HI","Honolulu County--Koolaupoko","Kailua (Honolulu County)--Kaneohe, HI Urbanized Area",4133,0.004 
"26180","15","15003","0109.04","96734","U","43669","00302","99999","HI","Honolulu HI","Honolulu, HI Metropolitan Statistical Area","99999","Kailua, HI","Honolulu County--Koolaupoko","Kailua (Honolulu County)--Kaneohe, HI Urbanized Area",3570,0.004 
"26180","15","15003","0109.05","96734","U","43669","00302","99999","HI","Honolulu HI","Honolulu, HI Metropolitan Statistical Area","99999","Kailua, HI","Honolulu County--Koolaupoko","Kailua (Honolulu County)--Kaneohe, HI Urbanized Area",2513,0.003 
"26180","15","15003","0110.00","96734","R"," ","00302","99999","HI","Honolulu HI","Honolulu, HI Metropolitan Statistical Area","99999","Kailua, HI","Honolulu County--Koolaupoko"," ",14,0 
"26180","15","15003","0110.00","96734","U","43669","00302","99999","HI","Honolulu HI","Honolulu, HI Metropolitan Statistical Area","99999","Kailua, HI","Honolulu County--Koolaupoko","Kailua (Honolulu County)--Kaneohe, HI Urbanized Area",4137,0.004 
"26180","15","15003","0111.03","96734","U","43669","00302","99999","HI","Honolulu HI","Honolulu, HI Metropolitan Statistical Area","99999","Kailua, HI","Honolulu County--Koolaupoko","Kailua (Honolulu County)--Kaneohe, HI Urbanized Area",3796,0.004 
"26180","15","15003","0111.04","96734","U","43669","00302","99999","HI","Honolulu HI","Honolulu, HI Metropolitan Statistical Area","99999","Kailua, HI","Honolulu County--Koolaupoko","Kailua (Honolulu County)--Kaneohe, HI Urbanized Area",4860,0.005 
"26180","15","15003","0111.05","96734","U","43669","00302","99999","HI","Honolulu HI","Honolulu, HI Metropolitan Statistical Area","99999","Kailua, HI","Honolulu County--Koolaupoko","Kailua (Honolulu County)--Kaneohe, HI Urbanized Area",3205,0.003 
"26180","15","15003","0111.06","96734","U","43669","00302","99999","HI","Honolulu HI","Honolulu, HI Metropolitan Statistical Area","99999","Kailua, HI","Honolulu County--Koolaupoko","Kailua (Honolulu County)--Kaneohe, HI Urbanized Area",5911,0.006 
"26180","15","15003","0111.06","96795","U","43669","00302","99999","HI","Honolulu HI","Honolulu, HI Metropolitan Statistical Area","99999","Waimanalo, HI","Honolulu County--Koolaupoko","Kailua (Honolulu County)--Kaneohe, HI Urbanized Area",13,0 
"26180","15","15003","0112.01","96734","U","43669","00302","99999","HI","Honolulu HI","Honolulu, HI Metropolitan Statistical Area","99999","Kailua, HI","Honolulu County--Koolaupoko","Kailua (Honolulu County)--Kaneohe, HI Urbanized Area",4380,0.005 
"26180","15","15003","0112.02","96734","U","43669","00302","99999","HI","Honolulu HI","Honolulu, HI Metropolitan Statistical Area","99999","Kailua, HI","Honolulu County--Koolaupoko","Kailua (Honolulu County)--Kaneohe, HI Urbanized Area",1609,0.002 
"26180","15","15003","0113.00","96795","R"," ","00302","99999","HI","Honolulu HI","Honolulu, HI Metropolitan Statistical Area","99999","Waimanalo, HI","Honolulu County--Koolaupoko"," ",373,0 
"26180","15","15003","0113.00","96795","U","43669","00302","99999","HI","Honolulu HI","Honolulu, HI Metropolitan Statistical Area","99999","Waimanalo, HI","Honolulu County--Koolaupoko","Kailua (Honolulu County)--Kaneohe, HI Urbanized Area",5078,0.005 
"26180","15","15003","0114.00","96782","U","89770","00306","99999","HI","Honolulu HI","Honolulu, HI Metropolitan Statistical Area","99999","Pearl City, HI","Honolulu County--Moanalua to Pearl City","Urban Honolulu, HI Urbanized Area",5290,0.006 
"26180","15","15003","0114.00","96797","R"," ","00306","99999","HI","Honolulu HI","Honolulu, HI Metropolitan Statistical Area","99999","Waipahu, HI","Honolulu County--Moanalua to Pearl City"," ",82,0 
"26180","15","15003","0115.00","96707","U","89770","00308","99999","HI","Honolulu HI","Honolulu, HI Metropolitan Statistical Area","99999","Makakilo, HI","Honolulu County--Ewa","Urban Honolulu, HI Urbanized Area",5493,0.006 
"26180","15","15003","9400.01","96795","U","43669","00302","99999","HI","Honolulu HI","Honolulu, HI Metropolitan Statistical Area","99999","Waimanalo, HI","Honolulu County--Koolaupoko","Kailua (Honolulu County)--Kaneohe, HI Urbanized Area",4551,0.005 
"26180","15","15003","9400.02","96792","R"," ","00301","99999","HI","Honolulu HI","Honolulu, HI Metropolitan Statistical Area","99999","Waianae, HI","Honolulu County--Rural Oahu"," ",15,0 
"26180","15","15003","9400.02","96792","U","89770","00301","99999","HI","Honolulu HI","Honolulu, HI Metropolitan Statistical Area","99999","Waianae, HI","Honolulu County--Rural Oahu","Urban Honolulu, HI Urbanized Area",7385,0.008 
"26180","15","15003","9800.00","96825","R"," ","00303","99999","HI","Honolulu HI","Honolulu, HI Metropolitan Statistical Area","99999","East Honolulu, HI","Honolulu County--East Honolulu to Kapahulu"," ",5,0 
"26180","15","15003","9802.00","96819","U","89770","00306","99999","HI","Honolulu HI","Honolulu, HI Metropolitan Statistical Area","99999","Urban Honolulu, HI","Honolulu County--Moanalua to Pearl City","Urban Honolulu, HI Urbanized Area",704,0.001 
"26180","15","15003","9808.00","96744","R"," ","00302","99999","HI","Honolulu HI","Honolulu, HI Metropolitan Statistical Area","99999","Kaneohe, HI","Honolulu County--Koolaupoko"," ",1,0 
"26180","15","15003","9810.00","96734","U","43669","00302","99999","HI","Honolulu HI","Honolulu, HI Metropolitan Statistical Area","99999","Kailua, HI","Honolulu County--Koolaupoko","Kailua (Honolulu County)--Kaneohe, HI Urbanized Area",13,0 
"26180","15","15003","9811.00","96795","U","43669","00302","99999","HI","Honolulu HI","Honolulu, HI Metropolitan Statistical Area","99999","Waimanalo, HI","Honolulu County--Koolaupoko","Kailua (Honolulu County)--Kaneohe, HI Urbanized Area",19,0 
"26180","15","15003","9813.00","96819","U","89770","00306","99999","HI","Honolulu HI","Honolulu, HI Metropolitan Statistical Area","99999","Urban Honolulu, HI","Honolulu County--Moanalua to Pearl City","Urban Honolulu, HI Urbanized Area",8,0 
"26180","15","15003","9814.00","96819","U","89770","00306","99999","HI","Honolulu HI","Honolulu, HI Metropolitan Statistical Area","99999","Urban Honolulu, HI","Honolulu County--Moanalua to Pearl City","Urban Honolulu, HI Urbanized Area",97,0 
